{"trial_num": 0, "trial_params": {"neu": 510, "lay": 7, "bat": 672, "lr": 0.0007468390955123261, "dropout": 0.8}}
{"trial_num": 1, "trial_params": {"neu": 210, "lay": 9, "bat": 352, "lr": 0.00014264850883233764, "dropout": 0.6000000000000001}}
{"trial_num": 2, "trial_params": {"neu": 210, "lay": 1, "bat": 32, "lr": 0.045984777597412985, "dropout": 0.0}}
{"trial_num": 3, "trial_params": {"neu": 10, "lay": 5, "bat": 736, "lr": 0.00035201645447279444, "dropout": 0.4}}
{"trial_num": 4, "trial_params": {"neu": 910, "lay": 7, "bat": 704, "lr": 0.0002972937500309882, "dropout": 0.6000000000000001}}
{"trial_num": 5, "trial_params": {"neu": 210, "lay": 3, "bat": 640, "lr": 0.000881967291159734, "dropout": 0.2}}
{"trial_num": 6, "trial_params": {"neu": 510, "lay": 7, "bat": 192, "lr": 0.004027500675328191, "dropout": 0.0}}
{"trial_num": 7, "trial_params": {"neu": 510, "lay": 1, "bat": 384, "lr": 0.010541063263745237, "dropout": 0.6000000000000001}}
{"trial_num": 8, "trial_params": {"neu": 110, "lay": 9, "bat": 992, "lr": 1.2333472568162142e-05, "dropout": 0.8}}
{"trial_num": 9, "trial_params": {"neu": 910, "lay": 1, "bat": 288, "lr": 0.0018237614100205862, "dropout": 0.2}}
{"trial_num": 10, "trial_params": {"neu": 310, "lay": 3, "bat": 32, "lr": 0.09992580497334776, "dropout": 0.0}}
{"trial_num": 11, "trial_params": {"neu": 310, "lay": 3, "bat": 32, "lr": 0.08414600114160813, "dropout": 0.0}}
{"trial_num": 12, "trial_params": {"neu": 310, "lay": 3, "bat": 32, "lr": 0.07462788969744684, "dropout": 0.0}}
{"trial_num": 13, "trial_params": {"neu": 710, "lay": 1, "bat": 160, "lr": 0.023866488879096096, "dropout": 0.2}}
{"trial_num": 14, "trial_params": {"neu": 710, "lay": 1, "bat": 192, "lr": 0.011755843639116456, "dropout": 0.2}}
{"trial_num": 15, "trial_params": {"neu": 710, "lay": 1, "bat": 480, "lr": 0.02247349511073817, "dropout": 0.2}}
{"trial_num": 16, "trial_params": {"neu": 710, "lay": 5, "bat": 192, "lr": 0.024471312957418292, "dropout": 0.4}}
{"trial_num": 17, "trial_params": {"neu": 610, "lay": 1, "bat": 160, "lr": 0.004240329117975164, "dropout": 0.2}}
{"trial_num": 18, "trial_params": {"neu": 10, "lay": 5, "bat": 480, "lr": 0.03346405189836535, "dropout": 0.4}}
{"trial_num": 19, "trial_params": {"neu": 810, "lay": 3, "bat": 896, "lr": 0.03932331965828823, "dropout": 0.0}}
{"trial_num": 20, "trial_params": {"neu": 410, "lay": 1, "bat": 128, "lr": 0.010810608592183708, "dropout": 0.4}}
{"trial_num": 21, "trial_params": {"neu": 710, "lay": 1, "bat": 288, "lr": 0.012155281413278372, "dropout": 0.2}}
{"trial_num": 22, "trial_params": {"neu": 610, "lay": 1, "bat": 128, "lr": 0.04930476141866277, "dropout": 0.2}}
{"trial_num": 23, "trial_params": {"neu": 610, "lay": 3, "bat": 96, "lr": 0.05207168294933508, "dropout": 0.0}}
{"trial_num": 24, "trial_params": {"neu": 610, "lay": 1, "bat": 256, "lr": 0.04055399053905709, "dropout": 0.2}}
{"trial_num": 25, "trial_params": {"neu": 410, "lay": 3, "bat": 96, "lr": 0.09599624233576258, "dropout": 0.0}}
{"trial_num": 26, "trial_params": {"neu": 810, "lay": 1, "bat": 384, "lr": 0.02220321881429524, "dropout": 0.2}}
{"trial_num": 27, "trial_params": {"neu": 810, "lay": 3, "bat": 576, "lr": 0.039676932783494906, "dropout": 0.4}}
{"trial_num": 28, "trial_params": {"neu": 610, "lay": 1, "bat": 256, "lr": 0.005646888909825744, "dropout": 0.2}}
{"trial_num": 29, "trial_params": {"neu": 510, "lay": 5, "bat": 96, "lr": 0.01931694272885353, "dropout": 0.0}}
