{"trial_num": 0, "trial_params": {"neu": 810, "lay": 9, "bat": 96, "lr": 5.898426794263749e-05, "dropout": 0.6000000000000001}}
{"trial_num": 1, "trial_params": {"neu": 110, "lay": 1, "bat": 544, "lr": 0.009728867115126908, "dropout": 0.8}}
{"trial_num": 2, "trial_params": {"neu": 310, "lay": 1, "bat": 32, "lr": 0.0016158694487489154, "dropout": 0.2}}
{"trial_num": 3, "trial_params": {"neu": 210, "lay": 3, "bat": 608, "lr": 2.6438574993023172e-05, "dropout": 0.6000000000000001}}
{"trial_num": 4, "trial_params": {"neu": 710, "lay": 9, "bat": 128, "lr": 0.00016485753442646095, "dropout": 0.2}}
{"trial_num": 5, "trial_params": {"neu": 510, "lay": 9, "bat": 672, "lr": 0.003852505754569636, "dropout": 0.2}}
{"trial_num": 6, "trial_params": {"neu": 310, "lay": 7, "bat": 544, "lr": 3.3692601629254955e-05, "dropout": 0.8}}
{"trial_num": 7, "trial_params": {"neu": 910, "lay": 1, "bat": 896, "lr": 0.0005339015392237202, "dropout": 0.2}}
{"trial_num": 8, "trial_params": {"neu": 310, "lay": 5, "bat": 960, "lr": 0.013225566396027491, "dropout": 0.0}}
{"trial_num": 9, "trial_params": {"neu": 310, "lay": 1, "bat": 96, "lr": 7.003328653863939e-05, "dropout": 0.4}}
{"trial_num": 10, "trial_params": {"neu": 10, "lay": 5, "bat": 320, "lr": 0.08651878150216562, "dropout": 0.0}}
{"trial_num": 11, "trial_params": {"neu": 510, "lay": 5, "bat": 960, "lr": 0.0021068062802785956, "dropout": 0.0}}
{"trial_num": 12, "trial_params": {"neu": 410, "lay": 3, "bat": 320, "lr": 0.00815546268179949, "dropout": 0.0}}
{"trial_num": 13, "trial_params": {"neu": 610, "lay": 3, "bat": 768, "lr": 0.0270108255135229, "dropout": 0.2}}
{"trial_num": 14, "trial_params": {"neu": 210, "lay": 7, "bat": 352, "lr": 0.0008025036473096325, "dropout": 0.4}}
{"trial_num": 15, "trial_params": {"neu": 410, "lay": 7, "bat": 1024, "lr": 0.0015669437307000032, "dropout": 0.0}}
{"trial_num": 16, "trial_params": {"neu": 10, "lay": 3, "bat": 832, "lr": 0.0004282555980269967, "dropout": 0.2}}
{"trial_num": 17, "trial_params": {"neu": 210, "lay": 5, "bat": 416, "lr": 0.00441613499229396, "dropout": 0.0}}
{"trial_num": 18, "trial_params": {"neu": 310, "lay": 5, "bat": 224, "lr": 1.2507249608386908e-05, "dropout": 0.4}}
{"trial_num": 19, "trial_params": {"neu": 610, "lay": 1, "bat": 736, "lr": 0.016928806433010476, "dropout": 0.4}}
{"trial_num": 20, "trial_params": {"neu": 110, "lay": 3, "bat": 416, "lr": 0.0018472527974869532, "dropout": 0.2}}
{"trial_num": 21, "trial_params": {"neu": 410, "lay": 3, "bat": 32, "lr": 0.008653912491859062, "dropout": 0.0}}
{"trial_num": 22, "trial_params": {"neu": 410, "lay": 3, "bat": 32, "lr": 0.02745607887369078, "dropout": 0.0}}
{"trial_num": 23, "trial_params": {"neu": 310, "lay": 1, "bat": 192, "lr": 0.00452554522062105, "dropout": 0.0}}
{"trial_num": 24, "trial_params": {"neu": 510, "lay": 5, "bat": 32, "lr": 0.010056394063110404, "dropout": 0.2}}
{"trial_num": 25, "trial_params": {"neu": 610, "lay": 3, "bat": 224, "lr": 0.07321155436868974, "dropout": 0.0}}
{"trial_num": 26, "trial_params": {"neu": 110, "lay": 1, "bat": 160, "lr": 0.0010942206861161389, "dropout": 0.2}}
{"trial_num": 27, "trial_params": {"neu": 410, "lay": 5, "bat": 480, "lr": 0.00409213222310924, "dropout": 0.0}}
{"trial_num": 28, "trial_params": {"neu": 210, "lay": 7, "bat": 256, "lr": 0.028873485190812002, "dropout": 0.0}}
{"trial_num": 29, "trial_params": {"neu": 710, "lay": 3, "bat": 32, "lr": 0.002887288453738345, "dropout": 0.6000000000000001}}
