{"trial_num": 0, "trial_params": {"neu": 10, "lay": 5, "bat": 32, "lr": 0.0025243913560945887, "dropout": 0.6000000000000001}}
{"trial_num": 1, "trial_params": {"neu": 110, "lay": 3, "bat": 608, "lr": 0.002229565406613702, "dropout": 0.6000000000000001}}
{"trial_num": 2, "trial_params": {"neu": 10, "lay": 9, "bat": 448, "lr": 0.09096094429469842, "dropout": 0.4}}
{"trial_num": 3, "trial_params": {"neu": 10, "lay": 7, "bat": 544, "lr": 0.001245329104276617, "dropout": 0.0}}
{"trial_num": 4, "trial_params": {"neu": 210, "lay": 9, "bat": 544, "lr": 3.797394095847317e-05, "dropout": 0.8}}
{"trial_num": 5, "trial_params": {"neu": 10, "lay": 7, "bat": 1024, "lr": 0.010159886124317234, "dropout": 0.0}}
{"trial_num": 6, "trial_params": {"neu": 910, "lay": 7, "bat": 384, "lr": 0.01602424314294687, "dropout": 0.0}}
{"trial_num": 7, "trial_params": {"neu": 610, "lay": 9, "bat": 544, "lr": 0.02547636350009466, "dropout": 0.2}}
{"trial_num": 8, "trial_params": {"neu": 610, "lay": 9, "bat": 288, "lr": 0.03789853414056783, "dropout": 0.0}}
{"trial_num": 9, "trial_params": {"neu": 110, "lay": 7, "bat": 512, "lr": 0.0004433526619596533, "dropout": 0.0}}
{"trial_num": 10, "trial_params": {"neu": 910, "lay": 1, "bat": 800, "lr": 0.01186989226182896, "dropout": 0.2}}
{"trial_num": 11, "trial_params": {"neu": 910, "lay": 1, "bat": 864, "lr": 0.008244525473999674, "dropout": 0.2}}
{"trial_num": 12, "trial_params": {"neu": 910, "lay": 1, "bat": 832, "lr": 0.007617880050994612, "dropout": 0.2}}
{"trial_num": 13, "trial_params": {"neu": 710, "lay": 3, "bat": 288, "lr": 0.08845278119445034, "dropout": 0.4}}
{"trial_num": 14, "trial_params": {"neu": 810, "lay": 5, "bat": 736, "lr": 0.004366186493272184, "dropout": 0.2}}
{"trial_num": 15, "trial_params": {"neu": 510, "lay": 3, "bat": 1024, "lr": 0.0004009037796037535, "dropout": 0.2}}
{"trial_num": 16, "trial_params": {"neu": 310, "lay": 5, "bat": 352, "lr": 0.017221018851994778, "dropout": 0.0}}
{"trial_num": 17, "trial_params": {"neu": 810, "lay": 1, "bat": 128, "lr": 0.005424054501426429, "dropout": 0.4}}
{"trial_num": 18, "trial_params": {"neu": 710, "lay": 1, "bat": 96, "lr": 0.004854406379555634, "dropout": 0.4}}
{"trial_num": 19, "trial_params": {"neu": 410, "lay": 1, "bat": 128, "lr": 0.0009752016912056723, "dropout": 0.6000000000000001}}
{"trial_num": 20, "trial_params": {"neu": 810, "lay": 3, "bat": 704, "lr": 0.03804668189966391, "dropout": 0.4}}
{"trial_num": 21, "trial_params": {"neu": 910, "lay": 7, "bat": 224, "lr": 0.012716005546325137, "dropout": 0.2}}
{"trial_num": 22, "trial_params": {"neu": 810, "lay": 1, "bat": 384, "lr": 0.0053935887501248515, "dropout": 0.4}}
{"trial_num": 23, "trial_params": {"neu": 810, "lay": 1, "bat": 192, "lr": 0.004514665468498058, "dropout": 0.4}}
{"trial_num": 24, "trial_params": {"neu": 710, "lay": 3, "bat": 928, "lr": 0.005801143148386845, "dropout": 0.6000000000000001}}
{"trial_num": 25, "trial_params": {"neu": 610, "lay": 1, "bat": 672, "lr": 0.002109520471421367, "dropout": 0.4}}
{"trial_num": 26, "trial_params": {"neu": 810, "lay": 1, "bat": 416, "lr": 0.026448996886096157, "dropout": 0.8}}
{"trial_num": 27, "trial_params": {"neu": 510, "lay": 3, "bat": 32, "lr": 0.007275057618004127, "dropout": 0.4}}
{"trial_num": 28, "trial_params": {"neu": 710, "lay": 1, "bat": 192, "lr": 0.004380822434267642, "dropout": 0.6000000000000001}}
{"trial_num": 29, "trial_params": {"neu": 810, "lay": 3, "bat": 928, "lr": 0.0030715803147346897, "dropout": 0.2}}
