{"trial_num": 0, "trial_params": {"neu": 610, "lay": 3, "bat": 288, "lr": 0.04988629414603378, "dropout": 0.2}}
{"trial_num": 1, "trial_params": {"neu": 710, "lay": 9, "bat": 608, "lr": 4.619824328918894e-05, "dropout": 0.0}}
{"trial_num": 2, "trial_params": {"neu": 10, "lay": 5, "bat": 544, "lr": 0.06703152012534618, "dropout": 0.4}}
{"trial_num": 3, "trial_params": {"neu": 410, "lay": 5, "bat": 768, "lr": 3.340767319725533e-05, "dropout": 0.2}}
{"trial_num": 4, "trial_params": {"neu": 210, "lay": 1, "bat": 64, "lr": 0.008184469126142494, "dropout": 0.8}}
{"trial_num": 5, "trial_params": {"neu": 10, "lay": 9, "bat": 896, "lr": 0.016224050075617506, "dropout": 0.2}}
{"trial_num": 6, "trial_params": {"neu": 10, "lay": 7, "bat": 576, "lr": 0.0006231365638416636, "dropout": 0.4}}
{"trial_num": 7, "trial_params": {"neu": 910, "lay": 3, "bat": 480, "lr": 0.001005988952130544, "dropout": 0.4}}
{"trial_num": 8, "trial_params": {"neu": 310, "lay": 3, "bat": 224, "lr": 0.0007464178892509314, "dropout": 0.8}}
{"trial_num": 9, "trial_params": {"neu": 810, "lay": 7, "bat": 992, "lr": 0.010684883456739482, "dropout": 0.4}}
{"trial_num": 10, "trial_params": {"neu": 210, "lay": 1, "bat": 32, "lr": 0.004254099703266075, "dropout": 0.8}}
{"trial_num": 11, "trial_params": {"neu": 210, "lay": 1, "bat": 32, "lr": 0.0042165150779515295, "dropout": 0.8}}
{"trial_num": 12, "trial_params": {"neu": 210, "lay": 1, "bat": 32, "lr": 0.003077160923521236, "dropout": 0.8}}
{"trial_num": 13, "trial_params": {"neu": 210, "lay": 1, "bat": 224, "lr": 0.0032216571973780264, "dropout": 0.6000000000000001}}
{"trial_num": 14, "trial_params": {"neu": 510, "lay": 1, "bat": 384, "lr": 0.0002125107414832282, "dropout": 0.6000000000000001}}
{"trial_num": 15, "trial_params": {"neu": 410, "lay": 3, "bat": 128, "lr": 0.0031685895747719083, "dropout": 0.6000000000000001}}
{"trial_num": 16, "trial_params": {"neu": 110, "lay": 1, "bat": 160, "lr": 0.030311324226458304, "dropout": 0.8}}
{"trial_num": 17, "trial_params": {"neu": 310, "lay": 3, "bat": 320, "lr": 0.007239938789424879, "dropout": 0.6000000000000001}}
{"trial_num": 18, "trial_params": {"neu": 310, "lay": 5, "bat": 64, "lr": 0.02404457551632668, "dropout": 0.8}}
{"trial_num": 19, "trial_params": {"neu": 110, "lay": 1, "bat": 416, "lr": 0.05515098002081005, "dropout": 0.6000000000000001}}
{"trial_num": 20, "trial_params": {"neu": 510, "lay": 5, "bat": 736, "lr": 0.0018372735574331445, "dropout": 0.8}}
{"trial_num": 21, "trial_params": {"neu": 210, "lay": 1, "bat": 32, "lr": 0.005061666462519362, "dropout": 0.8}}
{"trial_num": 22, "trial_params": {"neu": 110, "lay": 1, "bat": 160, "lr": 0.006341464432851101, "dropout": 0.8}}
{"trial_num": 23, "trial_params": {"neu": 210, "lay": 3, "bat": 32, "lr": 0.01644130325721595, "dropout": 0.6000000000000001}}
{"trial_num": 24, "trial_params": {"neu": 310, "lay": 3, "bat": 128, "lr": 0.016032226604679265, "dropout": 0.6000000000000001}}
{"trial_num": 25, "trial_params": {"neu": 110, "lay": 3, "bat": 256, "lr": 0.011876424166454392, "dropout": 0.6000000000000001}}
{"trial_num": 26, "trial_params": {"neu": 410, "lay": 3, "bat": 160, "lr": 0.09221115286539701, "dropout": 0.6000000000000001}}
{"trial_num": 27, "trial_params": {"neu": 210, "lay": 1, "bat": 352, "lr": 0.03554489409733524, "dropout": 0.8}}
{"trial_num": 28, "trial_params": {"neu": 610, "lay": 3, "bat": 96, "lr": 0.021142754802384672, "dropout": 0.8}}
{"trial_num": 29, "trial_params": {"neu": 710, "lay": 3, "bat": 288, "lr": 0.02185049073942728, "dropout": 0.0}}
