{"trial_num": 0, "trial_params": {"neu": 310, "lay": 1, "bat": 96, "lr": 0.014082336074059582, "dropout": 0.6000000000000001}}
{"trial_num": 1, "trial_params": {"neu": 710, "lay": 9, "bat": 768, "lr": 4.718409896635209e-05, "dropout": 0.2}}
{"trial_num": 2, "trial_params": {"neu": 10, "lay": 1, "bat": 768, "lr": 0.0032589347740766034, "dropout": 0.0}}
{"trial_num": 3, "trial_params": {"neu": 310, "lay": 3, "bat": 1024, "lr": 0.00015112459126606436, "dropout": 0.6000000000000001}}
{"trial_num": 4, "trial_params": {"neu": 110, "lay": 7, "bat": 800, "lr": 0.0004846195519971101, "dropout": 0.6000000000000001}}
{"trial_num": 5, "trial_params": {"neu": 410, "lay": 3, "bat": 544, "lr": 0.030210394783611944, "dropout": 0.0}}
{"trial_num": 6, "trial_params": {"neu": 310, "lay": 7, "bat": 320, "lr": 0.005312924700215524, "dropout": 0.6000000000000001}}
{"trial_num": 7, "trial_params": {"neu": 610, "lay": 7, "bat": 32, "lr": 0.00017747366457393192, "dropout": 0.4}}
{"trial_num": 8, "trial_params": {"neu": 810, "lay": 1, "bat": 960, "lr": 0.07044501726656217, "dropout": 0.8}}
{"trial_num": 9, "trial_params": {"neu": 910, "lay": 1, "bat": 288, "lr": 1.1599806816399076e-05, "dropout": 0.0}}
{"trial_num": 10, "trial_params": {"neu": 610, "lay": 9, "bat": 32, "lr": 0.001105192275546587, "dropout": 0.4}}
{"trial_num": 11, "trial_params": {"neu": 610, "lay": 9, "bat": 64, "lr": 0.0008167780198678595, "dropout": 0.4}}
{"trial_num": 12, "trial_params": {"neu": 610, "lay": 7, "bat": 288, "lr": 0.00026679992188963935, "dropout": 0.4}}
{"trial_num": 13, "trial_params": {"neu": 510, "lay": 9, "bat": 32, "lr": 0.002115424704449467, "dropout": 0.2}}
{"trial_num": 14, "trial_params": {"neu": 710, "lay": 5, "bat": 192, "lr": 0.0010030224174020395, "dropout": 0.2}}
{"trial_num": 15, "trial_params": {"neu": 910, "lay": 5, "bat": 448, "lr": 0.00013289080748682446, "dropout": 0.2}}
{"trial_num": 16, "trial_params": {"neu": 710, "lay": 5, "bat": 192, "lr": 0.0006625459958006767, "dropout": 0.2}}
{"trial_num": 17, "trial_params": {"neu": 810, "lay": 5, "bat": 224, "lr": 0.0013195544735709686, "dropout": 0.2}}
{"trial_num": 18, "trial_params": {"neu": 810, "lay": 3, "bat": 448, "lr": 0.010483425666611722, "dropout": 0.2}}
{"trial_num": 19, "trial_params": {"neu": 710, "lay": 5, "bat": 192, "lr": 0.0005879096356267665, "dropout": 0.0}}
{"trial_num": 20, "trial_params": {"neu": 510, "lay": 3, "bat": 608, "lr": 0.002264016612507354, "dropout": 0.2}}
