{"trial_num": 0, "trial_params": {"neu": 10, "lay": 5, "bat": 864, "lr": 0.00929303880031486, "dropout": 0.8}}
{"trial_num": 1, "trial_params": {"neu": 510, "lay": 5, "bat": 768, "lr": 4.811063895881909e-05, "dropout": 0.2}}
{"trial_num": 2, "trial_params": {"neu": 110, "lay": 1, "bat": 416, "lr": 0.012317578448369847, "dropout": 0.4}}
{"trial_num": 3, "trial_params": {"neu": 110, "lay": 1, "bat": 64, "lr": 1.1520252307850812e-05, "dropout": 0.4}}
{"trial_num": 4, "trial_params": {"neu": 610, "lay": 5, "bat": 992, "lr": 0.0016043410336142696, "dropout": 0.6000000000000001}}
{"trial_num": 5, "trial_params": {"neu": 310, "lay": 9, "bat": 448, "lr": 0.00017877845385685595, "dropout": 0.0}}
{"trial_num": 6, "trial_params": {"neu": 410, "lay": 9, "bat": 576, "lr": 0.0006124589455812025, "dropout": 0.8}}
{"trial_num": 7, "trial_params": {"neu": 110, "lay": 7, "bat": 384, "lr": 0.0006136854347943513, "dropout": 0.2}}
{"trial_num": 8, "trial_params": {"neu": 510, "lay": 3, "bat": 480, "lr": 0.0009384088250726794, "dropout": 0.0}}
{"trial_num": 9, "trial_params": {"neu": 10, "lay": 7, "bat": 320, "lr": 0.00017364531998422192, "dropout": 0.0}}
{"trial_num": 10, "trial_params": {"neu": 910, "lay": 1, "bat": 160, "lr": 0.027102743332939667, "dropout": 0.4}}
{"trial_num": 11, "trial_params": {"neu": 910, "lay": 1, "bat": 128, "lr": 0.09318220861215898, "dropout": 0.4}}
{"trial_num": 12, "trial_params": {"neu": 910, "lay": 1, "bat": 64, "lr": 0.059017257096117846, "dropout": 0.6000000000000001}}
{"trial_num": 13, "trial_params": {"neu": 910, "lay": 3, "bat": 32, "lr": 0.08420533283944207, "dropout": 0.6000000000000001}}
{"trial_num": 14, "trial_params": {"neu": 710, "lay": 3, "bat": 192, "lr": 0.07009459763263086, "dropout": 0.6000000000000001}}
{"trial_num": 15, "trial_params": {"neu": 810, "lay": 1, "bat": 224, "lr": 0.027539637893782255, "dropout": 0.6000000000000001}}
{"trial_num": 16, "trial_params": {"neu": 710, "lay": 3, "bat": 256, "lr": 0.004355518761987499, "dropout": 0.6000000000000001}}
{"trial_num": 17, "trial_params": {"neu": 710, "lay": 3, "bat": 256, "lr": 0.004143231002366502, "dropout": 0.8}}
{"trial_num": 18, "trial_params": {"neu": 710, "lay": 3, "bat": 576, "lr": 0.0048235795468910695, "dropout": 0.6000000000000001}}
{"trial_num": 19, "trial_params": {"neu": 710, "lay": 3, "bat": 608, "lr": 0.002155442559895075, "dropout": 0.8}}
{"trial_num": 20, "trial_params": {"neu": 610, "lay": 5, "bat": 768, "lr": 0.004519249993001676, "dropout": 0.2}}
{"trial_num": 21, "trial_params": {"neu": 610, "lay": 5, "bat": 704, "lr": 0.0042080474555241595, "dropout": 0.2}}
{"trial_num": 22, "trial_params": {"neu": 610, "lay": 7, "bat": 672, "lr": 0.006301497387171433, "dropout": 0.2}}
{"trial_num": 23, "trial_params": {"neu": 810, "lay": 3, "bat": 832, "lr": 0.0027849481974955314, "dropout": 0.4}}
{"trial_num": 24, "trial_params": {"neu": 410, "lay": 5, "bat": 544, "lr": 0.010420050268145126, "dropout": 0.6000000000000001}}
{"trial_num": 25, "trial_params": {"neu": 810, "lay": 3, "bat": 960, "lr": 0.0017067062070445346, "dropout": 0.4}}
{"trial_num": 26, "trial_params": {"neu": 610, "lay": 7, "bat": 672, "lr": 0.011968152266064534, "dropout": 0.2}}
{"trial_num": 27, "trial_params": {"neu": 310, "lay": 5, "bat": 320, "lr": 0.004258031507202763, "dropout": 0.6000000000000001}}
{"trial_num": 28, "trial_params": {"neu": 710, "lay": 3, "bat": 864, "lr": 0.006401623998361705, "dropout": 0.8}}
{"trial_num": 29, "trial_params": {"neu": 510, "lay": 5, "bat": 768, "lr": 0.018963687778520633, "dropout": 0.8}}
